Emp ID,Name,First Name,Last Name,DOB,SSN,State
232,John Mathews,John,Mathews,1991-02-24,***-**-9165,ND
533,Nathan Moore,Nathan,Moore,1978-11-19,***-**-7469,ME
256,Amanda Douglas,Amanda,Douglas,1990-01-08,***-**-6961,ID
189,Heather Andrews,Heather,Andrews,1976-08-11,***-**-1797,VT
284,Daniel Hernandez,Daniel,Hernandez,1976-07-22,***-**-7473,CO
512,Danny Pena,Danny,Pena,1978-01-31,***-**-9878,MN
126,Gary Knight,Gary,Knight,1994-03-08,***-**-1242,AR
556,Robin Carroll,Robin,Carroll,1972-10-14,***-**-7194,CA
595,Michelle Dickerson,Michelle,Dickerson,1984-02-08,***-**-2817,TN
191,Kimberly Gallegos,Kimberly,Gallegos,1972-08-05,***-**-7563,OR
55,Morgan Parker,Morgan,Parker,1986-01-30,***-**-4320,TN
623,Mason Rhodes,Mason,Rhodes,1977-01-28,***-**-4767,MD
426,Amy Griffin,Amy,Griffin,1973-02-18,***-**-1946,MA
535,Danielle House,Danielle,House,1975-04-16,***-**-9308,ME
399,Charles Greene,Charles,Greene,1992-11-28,***-**-2935,KY
33,Nicholas Martinez,Nicholas,Martinez,1979-04-05,***-**-1689,LA
302,Tracey Meadows,Tracey,Meadows,1988-01-12,***-**-6175,RI
325,Renee Evans,Renee,Evans,1991-03-14,***-**-2708,MT
188,Joseph Estrada,Joseph,Estrada,1984-03-29,***-**-2571,PA
184,Jeremy Warner,Jeremy,Warner,1987-10-20,***-**-1184,AL
526,Anthony Rodriguez,Anthony,Rodriguez,1983-02-09,***-**-3865,ID
85,Kristen Lopez,Kristen,Lopez,1978-01-02,***-**-8194,VA
171,Mark Mcdonald,Mark,Mcdonald,1984-06-27,***-**-0101,MT
74,Robert Freeman,Robert,Freeman,1984-01-01,***-**-5211,AR
69,Michael Reynolds,Michael,Reynolds,1994-10-30,***-**-8507,CA
365,Kristine Little,Kristine,Little,1974-07-10,***-**-1771,SD
149,April Barnes,April,Barnes,1983-02-15,***-**-3288,RI
218,Pamela Hodges,Pamela,Hodges,1989-02-19,***-**-1423,UT
647,Ronald Gilbert,Ronald,Gilbert,1974-05-26,***-**-4448,WY
518,Thomas Cooper,Thomas,Cooper,1972-08-17,***-**-9890,CO
12,Dakota Harrington,Dakota,Harrington,1972-08-24,***-**-7188,VA
622,Jennifer Porter,Jennifer,Porter,1991-01-20,***-**-5572,WI
159,Beverly Jordan,Beverly,Jordan,1986-08-15,***-**-3762,NM
394,Mark Brown,Mark,Brown,1975-04-02,***-**-8531,CA
158,Amy Ford,Amy,Ford,1974-06-05,***-**-6461,NC
446,Benjamin King,Benjamin,King,1973-05-07,***-**-8165,RI
352,Stephen Bryant,Stephen,Bryant,1991-05-15,***-**-6488,SD
598,Brandi Williams,Brandi,Williams,1989-10-15,***-**-8500,MD
505,Ashley Hutchinson,Ashley,Hutchinson,1994-04-26,***-**-1510,SC
173,Alisha Pacheco,Alisha,Pacheco,1982-01-13,***-**-2496,MI
84,Robert Campbell,Robert,Campbell,1973-02-27,***-**-9581,SD
406,Sandra Sanders,Sandra,Sanders,1980-10-06,***-**-1673,RI
164,Katherine Hensley,Katherine,Hensley,1991-05-29,***-**-7226,CT
267,Stacy Cox,Stacy,Cox,1976-11-08,***-**-0990,AL
503,Frank Barton,Frank,Barton,1993-06-10,***-**-5568,MA
295,Shannon Kramer,Shannon,Kramer,1980-05-04,***-**-7615,SC
590,Brenda James,Brenda,James,1977-12-31,***-**-3251,HI
97,Paula Edwards,Paula,Edwards,1988-08-10,***-**-0638,KS
3,Jennifer Rowe,Jennifer,Rowe,1980-09-16,***-**-9014,NY
20,David Foster,David,Foster,1990-01-09,***-**-6956,MO
179,William Boyle,William,Boyle,1988-01-30,***-**-0490,AR
86,Christopher Greene,Christopher,Greene,1972-05-29,***-**-8446,ID
219,Matthew Fuller,Matthew,Fuller,1980-04-27,***-**-2989,MS
237,Gabriela Nguyen,Gabriela,Nguyen,1981-12-17,***-**-3729,WA
96,Allison Diaz,Allison,Diaz,1994-03-25,***-**-8927,AR
22,Isaac Jordan,Isaac,Jordan,1986-05-06,***-**-0520,TX
439,Cheryl Bailey,Cheryl,Bailey,1991-10-31,***-**-1224,NC
146,Julie Castillo,Julie,Castillo,1988-02-16,***-**-4523,AK
271,Michael Adams,Michael,Adams,1986-12-10,***-**-3927,FL
103,Melinda Parsons,Melinda,Parsons,1986-02-07,***-**-8751,NE
540,Robert Campbell,Robert,Campbell,1987-01-17,***-**-3694,DE
144,Julie Nelson,Julie,Nelson,1994-08-08,***-**-1332,SD
594,Steven Nelson,Steven,Nelson,1989-04-14,***-**-2085,VT
176,Hailey Lynn,Hailey,Lynn,1973-03-25,***-**-9488,CA
198,Dillon Nguyen,Dillon,Nguyen,1978-05-26,***-**-4552,IL
433,Hannah Miller,Hannah,Miller,1973-10-18,***-**-4657,NY
274,Jeffrey Harris,Jeffrey,Harris,1994-05-25,***-**-4763,KY
6,Daniel Welch,Daniel,Welch,1982-08-08,***-**-6950,IL
452,Bryan Jackson,Bryan,Jackson,1982-09-08,***-**-8117,MD
23,Denise George,Denise,George,1990-09-07,***-**-4879,WI
373,Alicia Carney,Alicia,Carney,1989-09-10,***-**-9437,OH
374,William Peters,William,Peters,1986-03-20,***-**-7516,KY
200,Dustin Drake,Dustin,Drake,1993-09-17,***-**-5454,WV
428,Jessica Thornton,Jessica,Thornton,1983-01-03,***-**-2381,KS
116,Rebecca Wilson,Rebecca,Wilson,1980-06-08,***-**-6629,MI
418,Katherine Lane,Katherine,Lane,1986-11-01,***-**-6820,NH
9,Sarah Harper,Sarah,Harper,1993-07-27,***-**-5891,AK
230,Jermaine Hill,Jermaine,Hill,1988-09-11,***-**-5479,NJ
502,Michael Marshall,Michael,Marshall,1990-04-05,***-**-5125,MI
632,Kirsten Mcbride,Kirsten,Mcbride,1973-09-10,***-**-2372,IA
112,Rachael Holmes,Rachael,Holmes,1973-07-30,***-**-2067,GA
422,Leon Foster,Leon,Foster,1975-09-19,***-**-3153,SC
131,David Mcclain,David,Mcclain,1976-08-02,***-**-5430,OH
404,Emily Lawrence,Emily,Lawrence,1991-11-24,***-**-1991,TN
504,Troy Booth,Troy,Booth,1990-12-27,***-**-5141,TN
194,Stephanie Ho,Stephanie,Ho,1983-04-25,***-**-3656,KS
567,Michele Hendricks,Michele,Hendricks,1990-03-10,***-**-7341,MS
253,Eric Harper,Eric,Harper,1986-11-12,***-**-2860,NV
407,Jonathan Gomez,Jonathan,Gomez,1993-06-05,***-**-4727,SD
82,Kevin Garcia,Kevin,Garcia,1977-11-25,***-**-4722,NV
429,Howard Lawson,Howard,Lawson,1984-04-13,***-**-7664,MI
78,Stacy Robertson,Stacy,Robertson,1974-09-24,***-**-0248,WY
167,John Beck,John,Beck,1985-07-27,***-**-3635,AR
484,Julia Morgan,Julia,Morgan,1976-03-18,***-**-1731,WI
60,Allen Leon,Allen,Leon,1975-04-06,***-**-9089,MI
400,James Rios,James,Rios,1978-03-04,***-**-3987,ID
34,Ralph Wells,Ralph,Wells,1988-10-19,***-**-4237,KS
596,Megan Chavez,Megan,Chavez,1991-10-08,***-**-7659,CT
279,Ashley Patrick,Ashley,Patrick,1974-06-07,***-**-0763,WY
466,Bonnie Bowen,Bonnie,Bowen,1993-11-07,***-**-5889,ID
327,Andrew Lawson,Andrew,Lawson,1982-04-05,***-**-7313,MT
382,Tonya Chavez,Tonya,Chavez,1984-04-17,***-**-5703,MT
369,Michelle Larson,Michelle,Larson,1980-03-20,***-**-3866,FL
347,Mark Garrett,Mark,Garrett,1985-09-18,***-**-4408,WY
25,Chelsea Rivera,Chelsea,Rivera,1987-06-21,***-**-0140,NH
317,Amanda Krause,Amanda,Krause,1977-11-06,***-**-4744,IL
321,Paige Spencer,Paige,Spencer,1991-09-02,***-**-8621,NY
193,Rhonda Gonzales,Rhonda,Gonzales,1976-06-07,***-**-4110,ID
606,Jasmine Kelly,Jasmine,Kelly,1979-06-30,***-**-3251,MN
123,Amy Sherman,Amy,Sherman,1973-08-04,***-**-6029,NJ
566,David Arroyo,David,Arroyo,1975-04-16,***-**-9403,FL
409,Robert Lin,Robert,Lin,1975-11-12,***-**-0121,AZ
265,Paul Wilson,Paul,Wilson,1993-06-19,***-**-9871,IA
490,Paul Meyers,Paul,Meyers,1989-03-13,***-**-1680,HI
311,Jessica Elliott,Jessica,Elliott,1978-06-04,***-**-1632,OH
537,Anthony Richmond,Anthony,Richmond,1989-10-05,***-**-8935,AR
147,William Rivera,William,Rivera,1975-03-08,***-**-7032,SD
304,Sheri Villegas,Sheri,Villegas,1985-02-13,***-**-8629,OR
472,Kelly Hopkins,Kelly,Hopkins,1984-10-08,***-**-6875,HI
348,Darren Farrell,Darren,Farrell,1991-05-24,***-**-5885,CA
91,Darlene Harmon,Darlene,Harmon,1980-05-05,***-**-3052,WV
410,Rachel Lyons,Rachel,Lyons,1972-08-29,***-**-0900,ME
344,David Jacobs,David,Jacobs,1982-02-28,***-**-3682,FL
419,Christina Weeks,Christina,Weeks,1972-10-15,***-**-2028,PA
1,Andrea Anderson,Andrea,Anderson,1984-11-12,***-**-5650,CT
532,Jennifer Smith,Jennifer,Smith,1989-01-31,***-**-1748,GA
107,Shirley Andrews,Shirley,Andrews,1981-12-07,***-**-5306,OH
166,Adrian Rivera,Adrian,Rivera,1973-02-13,***-**-5638,MA
391,George Mckinney,George,Mckinney,1984-02-04,***-**-7748,UT
67,Hailey Boyd,Hailey,Boyd,1980-11-17,***-**-0270,NY
447,Tiffany Harris,Tiffany,Harris,1983-01-12,***-**-9733,WV
653,Mary Hunter,Mary,Hunter,1977-11-01,***-**-6623,TX
294,Robert Edwards,Robert,Edwards,1980-04-07,***-**-5215,GA
416,Barbara Lambert,Barbara,Lambert,1979-09-07,***-**-5353,ID
185,Angela Armstrong,Angela,Armstrong,1990-03-22,***-**-2446,NY
637,Brett Ward,Brett,Ward,1979-09-27,***-**-0204,MN
333,Troy Sanchez,Troy,Sanchez,1990-11-15,***-**-2052,OK
579,Garrett Carter,Garrett,Carter,1988-09-26,***-**-7246,CA
215,James Reeves,James,Reeves,1988-01-31,***-**-1620,IN
152,Mary Baker,Mary,Baker,1979-07-08,***-**-0954,MI
301,Alexandra Bradley,Alexandra,Bradley,1980-06-13,***-**-9390,AL
572,Aaron James,Aaron,James,1974-03-25,***-**-4596,OR
165,Thomas Wood,Thomas,Wood,1979-08-21,***-**-8269,TN
639,Charlene Jackson,Charlene,Jackson,1989-10-28,***-**-8809,WY
405,Mary Robbins,Mary,Robbins,1975-12-01,***-**-9514,FL
390,Kayla Washington,Kayla,Washington,1985-10-08,***-**-6218,CT
641,Kimberly Knapp,Kimberly,Knapp,1992-11-23,***-**-1122,CO
51,Nicholas Brown,Nicholas,Brown,1988-09-18,***-**-2869,SC
421,Rebecca Marshall,Rebecca,Marshall,1974-05-06,***-**-1020,PA
106,Mark Smith,Mark,Smith,1979-07-07,***-**-5381,ND
379,Adam Harrell,Adam,Harrell,1981-10-18,***-**-0742,WV
76,Steve Daniels,Steve,Daniels,1980-09-14,***-**-3537,CO
68,Victoria Potter,Victoria,Potter,1988-03-25,***-**-4290,UT
118,Kathy Preston,Kathy,Preston,1990-03-06,***-**-9960,LA
127,Michael Donaldson,Michael,Donaldson,1995-01-01,***-**-7624,CA
542,Brian Bridges,Brian,Bridges,1976-02-22,***-**-4546,MN
181,Martha Gonzalez,Martha,Gonzalez,1981-01-17,***-**-8342,KS
111,Paul Rogers,Paul,Rogers,1992-01-10,***-**-6284,MT
481,Dawn Galvan,Dawn,Galvan,1989-09-03,***-**-8058,TN
568,Amber West,Amber,West,1978-01-19,***-**-7363,ND
395,Christopher Guerrero,Christopher,Guerrero,1983-01-29,***-**-4036,WY
345,Stacy Brooks,Stacy,Brooks,1991-06-17,***-**-4661,SC
438,Danielle Kaiser,Danielle,Kaiser,1975-08-21,***-**-9764,AL
403,Taylor Boyle,Taylor,Boyle,1979-09-26,***-**-9756,MD
180,Donna Howard,Donna,Howard,1978-12-16,***-**-3416,CA
616,Anne Rios,Anne,Rios,1974-11-26,***-**-6513,HI
56,Theresa Barnes,Theresa,Barnes,1976-09-28,***-**-2054,CT
153,Lori Tate,Lori,Tate,1977-03-08,***-**-9123,NM
551,Alexandria Baker,Alexandria,Baker,1974-11-02,***-**-3200,NV
135,Stephen Hensley,Stephen,Hensley,1978-09-30,***-**-5372,GA
500,Jennifer Fischer,Jennifer,Fischer,1983-11-19,***-**-5609,UT
24,Pamela Robinson,Pamela,Robinson,1981-02-21,***-**-4275,NM
81,Brendan Gonzalez,Brendan,Gonzalez,1991-08-02,***-**-9993,SC
50,Richard Turner,Richard,Turner,1982-12-24,***-**-9924,TN
328,Michael Robinson,Michael,Robinson,1973-10-22,***-**-2355,IL
402,Patricia Sharp,Patricia,Sharp,1987-07-13,***-**-0306,MD
255,Elizabeth Avila,Elizabeth,Avila,1977-03-15,***-**-8453,NH
413,Christopher Martinez,Christopher,Martinez,1978-12-28,***-**-8774,CT
507,Isaac Woods,Isaac,Woods,1984-03-20,***-**-6227,AK
62,Adriana Wolf,Adriana,Wolf,1994-10-17,***-**-1702,OR
150,David Pearson,David,Pearson,1982-06-14,***-**-1781,AL
109,Matthew Kramer,Matthew,Kramer,1988-05-14,***-**-4860,RI
310,Pamela Archer,Pamela,Archer,1987-10-25,***-**-2625,WV
243,Charles Stout,Charles,Stout,1976-12-05,***-**-1997,KS
72,Daniel Boyd,Daniel,Boyd,1978-07-18,***-**-1220,NY
608,Jimmy Jones,Jimmy,Jones,1973-02-19,***-**-2030,MA
19,Rebecca Hammond,Rebecca,Hammond,1972-02-21,***-**-2706,LA
30,Emily Diaz,Emily,Diaz,1986-12-04,***-**-9174,AK
119,Chad Wise,Chad,Wise,1988-11-10,***-**-1355,CO
162,Todd Duran,Todd,Duran,1976-01-14,***-**-1832,KY
199,Brian Mclaughlin,Brian,Mclaughlin,1987-09-21,***-**-2876,PA
187,Katherine Rogers,Katherine,Rogers,1988-05-13,***-**-9500,ME
102,Joseph Adams,Joseph,Adams,1979-01-18,***-**-7778,WI
385,David Lowery,David,Lowery,1987-10-21,***-**-7963,UT
626,Janice Young,Janice,Young,1988-07-07,***-**-4863,WA
528,Anna Matthews,Anna,Matthews,1991-02-09,***-**-4474,TN
31,Katie Garcia,Katie,Garcia,1983-03-22,***-**-8462,AK
43,Maria Estrada,Maria,Estrada,1990-04-30,***-**-8108,LA
169,Ashley Smith,Ashley,Smith,1983-07-16,***-**-8720,TX
204,Amy Wright,Amy,Wright,1991-10-15,***-**-8641,CA
494,Heather Scott,Heather,Scott,1982-08-20,***-**-0361,NH
233,John Anderson,John,Anderson,1973-05-30,***-**-6681,NY
638,John Anderson,John,Anderson,1983-01-07,***-**-7935,UT
57,Kimberly Harris,Kimberly,Harris,1988-10-01,***-**-5459,IA
648,Christopher Smith,Christopher,Smith,1976-11-23,***-**-2521,WI
192,Daniel Singh,Daniel,Singh,1980-12-25,***-**-7521,VA
73,Miranda Nguyen,Miranda,Nguyen,1981-08-12,***-**-2585,ME
477,Gregory Simpson,Gregory,Simpson,1990-07-09,***-**-9365,CO
411,Daniel Brown,Daniel,Brown,1984-04-19,***-**-6526,NM
630,Susan Thompson,Susan,Thompson,1985-05-17,***-**-6074,TN
600,Rick Johns,Rick,Johns,1984-07-30,***-**-7121,NV
634,Sean Calhoun,Sean,Calhoun,1978-07-31,***-**-2261,SD
296,Alan Holden,Alan,Holden,1994-11-06,***-**-6916,PA
154,Robin Silva,Robin,Silva,1987-07-14,***-**-0453,AK
527,Nicole Conrad,Nicole,Conrad,1985-06-02,***-**-6985,SD
635,Deanna Russell,Deanna,Russell,1972-07-29,***-**-9236,MD
229,Joshua Bailey,Joshua,Bailey,1986-07-20,***-**-4031,WV
389,Daniel Patrick,Daniel,Patrick,1972-10-15,***-**-8777,GA
220,William Smith,William,Smith,1990-06-04,***-**-0654,AR
454,Kristin Grant,Kristin,Grant,1980-08-23,***-**-9693,WV
488,Kimberly Velasquez,Kimberly,Velasquez,1989-01-10,***-**-4229,GA
41,Michael Dalton,Michael,Dalton,1994-03-08,***-**-2101,WI
522,Jason Shaw,Jason,Shaw,1985-11-01,***-**-4765,KY
269,Jonathon Olson,Jonathon,Olson,1985-07-08,***-**-7767,SC
35,Andrea Perry,Andrea,Perry,1986-02-01,***-**-8897,CO
10,Anthony Nguyen,Anthony,Nguyen,1986-10-09,***-**-8472,WI
397,Anthony Christensen,Anthony,Christensen,1983-05-13,***-**-8703,OH
45,Paul Murphy,Paul,Murphy,1975-07-18,***-**-9454,NJ
210,Susan Stewart,Susan,Stewart,1989-04-23,***-**-2712,GA
197,Scott Warren,Scott,Warren,1985-06-24,***-**-3723,OH
354,Jennifer Avery,Jennifer,Avery,1987-08-08,***-**-5062,LA
552,Alexander Vaughan,Alexander,Vaughan,1988-08-22,***-**-8562,MI
414,Laura Parker,Laura,Parker,1973-12-05,***-**-6879,CO
134,Derek Harrington,Derek,Harrington,1990-09-15,***-**-2836,AR
11,Daniel Wells,Daniel,Wells,1994-08-27,***-**-7268,CA
222,Kelly Phillips,Kelly,Phillips,1987-11-05,***-**-1324,MI
442,Lauren Bennett,Lauren,Bennett,1985-06-05,***-**-4874,IA
633,Aaron Wolf,Aaron,Wolf,1978-04-09,***-**-1149,WY
361,Julia Wright,Julia,Wright,1980-09-04,***-**-6702,CO
205,Cheryl Dennis,Cheryl,Dennis,1986-06-16,***-**-0712,TX
18,Donna Lopez,Donna,Lopez,1985-02-22,***-**-5711,DE
459,Matthew Gibbs,Matthew,Gibbs,1984-06-12,***-**-9698,ID
564,Nancy Mitchell,Nancy,Mitchell,1988-02-02,***-**-9365,GA
138,Ashley Bullock,Ashley,Bullock,1983-07-23,***-**-5394,MS
356,Andrew Moore,Andrew,Moore,1982-01-03,***-**-5178,ID
479,Joseph Martinez,Joseph,Martinez,1973-10-05,***-**-9409,NH
100,Yvette Rodriguez,Yvette,Rodriguez,1985-09-11,***-**-8123,OR
451,Carrie Barber,Carrie,Barber,1977-11-09,***-**-3083,LA
432,Ashley Sherman,Ashley,Sherman,1984-10-01,***-**-1501,NE
71,Craig Garcia,Craig,Garcia,1994-08-18,***-**-3695,PA
463,Jerome Brown,Jerome,Brown,1992-07-10,***-**-9456,MD
308,Kevin Beck,Kevin,Beck,1981-03-29,***-**-7304,TN
591,Travis Hansen,Travis,Hansen,1981-07-28,***-**-6746,DE
214,Rodney Cook,Rodney,Cook,1994-12-15,***-**-6232,RI
290,Theresa Brown,Theresa,Brown,1993-02-20,***-**-3478,MN
8,Wayne Mercer,Wayne,Mercer,1989-09-21,***-**-7254,MA
182,Mary Lee,Mary,Lee,1982-04-12,***-**-7361,OH
534,Matthew Martin,Matthew,Martin,1993-07-12,***-**-7803,ID
511,Lee Weber,Lee,Weber,1988-12-03,***-**-9830,CA
32,James Wilson,James,Wilson,1977-07-23,***-**-7343,OR
289,Angela Clark,Angela,Clark,1988-04-20,***-**-3392,MN
643,Allen Flynn,Allen,Flynn,1994-07-25,***-**-7573,NH
234,Darrell Coleman,Darrell,Coleman,1992-08-24,***-**-4198,WI
618,Patrick Wells,Patrick,Wells,1979-08-03,***-**-3209,MS
246,Tyler Beck,Tyler,Beck,1986-10-20,***-**-1385,HI
546,Michelle Jenkins,Michelle,Jenkins,1977-11-29,***-**-8254,NE
455,Scott Miller,Scott,Miller,1991-09-27,***-**-3580,WY
341,Maria Mcmillan,Maria,Mcmillan,1973-09-07,***-**-3730,TX
252,Amy Waller,Amy,Waller,1980-10-01,***-**-8763,MA
351,Jacob Thomas,Jacob,Thomas,1976-03-31,***-**-8896,MS
493,Amanda Jones,Amanda,Jones,1993-07-31,***-**-0691,MN
599,Edward Padilla,Edward,Padilla,1993-10-09,***-**-5222,PA
315,Debra Best,Debra,Best,1973-02-20,***-**-3320,ND
577,Gregory Roberts,Gregory,Roberts,1986-01-27,***-**-4496,IN
415,Suzanne Wheeler,Suzanne,Wheeler,1985-05-19,***-**-2982,WI
303,Ann Lewis,Ann,Lewis,1976-01-14,***-**-0619,MT
478,Michelle Peterson,Michelle,Peterson,1984-06-25,***-**-2154,MA
313,Adam Thomas,Adam,Thomas,1982-12-30,***-**-1297,VA
4,Donna Owens,Donna,Owens,1987-09-26,***-**-6696,AL
249,Pamela Lyons,Pamela,Lyons,1972-09-27,***-**-3318,AR
649,Victor Lopez,Victor,Lopez,1987-10-26,***-**-3964,NV
565,Matthew Miller,Matthew,Miller,1979-04-07,***-**-3517,CO
513,Kevin Foster,Kevin,Foster,1985-10-18,***-**-5090,WI
516,Alyssa Stokes,Alyssa,Stokes,1973-04-01,***-**-2432,OH
545,Mark Saunders,Mark,Saunders,1973-08-23,***-**-2640,VT
38,Michael Chapman,Michael,Chapman,1977-03-13,***-**-6874,OR
309,Cole Farrell,Cole,Farrell,1993-01-29,***-**-7973,IN
578,Michael Estrada,Michael,Estrada,1994-10-12,***-**-2448,OH
178,Shaun Martinez,Shaun,Martinez,1982-12-11,***-**-5793,NC
359,Victoria Moon,Victoria,Moon,1976-01-06,***-**-8604,AZ
278,Brian Peters,Brian,Peters,1982-05-07,***-**-3701,HI
292,Jose Gonzalez,Jose,Gonzalez,1992-06-01,***-**-9797,MD
87,John Paul,John,Paul,1973-11-20,***-**-7180,KY
286,Stephanie Smith,Stephanie,Smith,1978-04-26,***-**-1286,NH
221,Lisa Wilson,Lisa,Wilson,1993-11-09,***-**-6950,AZ
524,Cody Duran,Cody,Duran,1973-01-15,***-**-6706,NM
453,Ann Johnson,Ann,Johnson,1981-06-01,***-**-9046,NE
468,Paula Hernandez,Paula,Hernandez,1975-10-12,***-**-2951,CA
444,Patrick Barber,Patrick,Barber,1991-07-21,***-**-9891,NY
350,Dennis Alvarado,Dennis,Alvarado,1973-11-27,***-**-4378,MT
462,David Peterson,David,Peterson,1973-06-27,***-**-7312,LA
66,Tina Williams,Tina,Williams,1987-11-04,***-**-7775,OR
495,Bridget Koch,Bridget,Koch,1973-02-23,***-**-9714,WY
586,Adrian Hernandez,Adrian,Hernandez,1993-09-08,***-**-5101,NE
457,Andrea Potter,Andrea,Potter,1983-12-26,***-**-6384,NH
392,David Williams,David,Williams,1990-07-07,***-**-6350,MA
202,Katherine Wright,Katherine,Wright,1987-05-10,***-**-3109,AR
467,Kevin Taylor,Kevin,Taylor,1979-04-19,***-**-2293,NH
627,Latoya Mitchell,Latoya,Mitchell,1991-03-15,***-**-3607,ME
367,Tricia Smith,Tricia,Smith,1992-01-24,***-**-7866,CA
244,David Miles,David,Miles,1993-11-26,***-**-2657,MI
620,Gina Hoffman,Gina,Hoffman,1990-03-20,***-**-4213,UT
642,Tamara Whitney,Tamara,Whitney,1975-09-21,***-**-9208,MO
427,John Garcia,John,Garcia,1987-04-14,***-**-3993,TX
539,Craig Nunez,Craig,Nunez,1972-06-13,***-**-6566,DE
98,Desiree Ross,Desiree,Ross,1981-07-07,***-**-2608,MS
324,Samantha Ramirez,Samantha,Ramirez,1981-08-11,***-**-7086,MD
589,David Patton,David,Patton,1978-11-19,***-**-9705,PA
339,Caroline Lopez,Caroline,Lopez,1981-08-09,***-**-1325,OK
645,Karen Malone,Karen,Malone,1985-09-03,***-**-5442,CO
355,Daniel Wright,Daniel,Wright,1989-12-31,***-**-3803,FL
541,Brent Miller,Brent,Miller,1978-01-14,***-**-9692,HI
360,Mitchell Meyer,Mitchell,Meyer,1991-08-31,***-**-7666,RI
39,Annette Flores,Annette,Flores,1977-04-19,***-**-3196,NE
305,Wendy Hendrix,Wendy,Hendrix,1983-08-19,***-**-6634,WY
474,Alexis Cross,Alexis,Cross,1983-08-11,***-**-3694,MN
571,Jeffrey Jones,Jeffrey,Jones,1981-06-27,***-**-1822,SD
372,Jessica Walsh,Jessica,Walsh,1976-06-01,***-**-2907,RI
559,Sherry Henderson,Sherry,Henderson,1991-02-15,***-**-3768,FL
521,Jennifer Johnson,Jennifer,Johnson,1978-02-17,***-**-3102,OK
583,Scott Ellison,Scott,Ellison,1977-03-31,***-**-8653,NH
329,Denise Baldwin,Denise,Baldwin,1992-04-06,***-**-7350,AL
201,Rebecca James,Rebecca,James,1980-12-04,***-**-1514,MA
276,Sean Gonzales,Sean,Gonzales,1981-08-11,***-**-8838,MO
592,Mary Chavez,Mary,Chavez,1990-04-27,***-**-2834,PA
124,Ralph Martinez,Ralph,Martinez,1980-02-26,***-**-4024,WA
133,Thomas Stone,Thomas,Stone,1973-03-29,***-**-8227,DE
314,Christopher Anderson,Christopher,Anderson,1974-07-01,***-**-1835,NC
562,Allison Garcia,Allison,Garcia,1983-02-08,***-**-0105,LA
125,Charles Hall,Charles,Hall,1982-09-15,***-**-7617,PA
625,Lawrence Roach,Lawrence,Roach,1991-04-03,***-**-2080,KY
312,Christopher Dougherty,Christopher,Dougherty,1978-03-29,***-**-0986,AL
90,William Small,William,Small,1990-08-05,***-**-0642,CO
236,Samuel May,Samuel,May,1988-03-30,***-**-0970,NJ
601,Brian Lopez,Brian,Lopez,1990-02-13,***-**-7558,DE
326,Amanda Clark,Amanda,Clark,1991-07-23,***-**-5043,MN
264,Cody Taylor,Cody,Taylor,1978-11-13,***-**-3700,SD
248,Sherry Love,Sherry,Love,1975-03-24,***-**-8685,OR
485,Christine Stone,Christine,Stone,1978-11-07,***-**-6503,KS
54,Kristy Diaz,Kristy,Diaz,1988-03-26,***-**-1032,IA
2,Amy Long,Amy,Long,1982-07-19,***-**-7292,FL
298,Haley Myers,Haley,Myers,1985-03-20,***-**-0757,MD
99,Michael Holden,Michael,Holden,1975-07-23,***-**-7951,IN
186,Kelly Ferrell,Kelly,Ferrell,1982-01-21,***-**-2299,NH
593,Rachel Valdez,Rachel,Valdez,1985-05-21,***-**-0852,UT
557,Kristine Roberson,Kristine,Roberson,1981-03-18,***-**-0956,MN
375,Vincent Watson,Vincent,Watson,1974-12-15,***-**-8997,RI
460,Elizabeth Bailey,Elizabeth,Bailey,1979-07-15,***-**-7230,MI
496,Mark Mcmillan,Mark,Mcmillan,1976-07-08,***-**-2503,MI
487,Sheri Long,Sheri,Long,1978-06-06,***-**-5166,OH
469,Daniel Mccall,Daniel,Mccall,1987-07-12,***-**-5314,NE
340,Dawn Malone,Dawn,Malone,1979-04-19,***-**-2070,TN
363,Evan Romero,Evan,Romero,1994-08-25,***-**-3334,NM
108,Paul Adams,Paul,Adams,1992-04-19,***-**-5765,WV
357,Tracy Holt,Tracy,Holt,1988-10-20,***-**-1413,AK
293,Charles Wheeler,Charles,Wheeler,1972-02-11,***-**-5781,CA
604,Ashley Harris,Ashley,Harris,1993-08-09,***-**-7070,IL
7,Roberto Schmidt,Roberto,Schmidt,1994-02-07,***-**-1763,AL
94,Margaret Barton,Margaret,Barton,1975-10-10,***-**-0973,ID
227,Michelle Diaz,Michelle,Diaz,1993-09-25,***-**-4889,ID
486,Mike Duncan,Mike,Duncan,1988-12-15,***-**-8115,MD
613,Alexandra Thomas,Alexandra,Thomas,1994-01-12,***-**-6760,SD
603,Mark Murillo,Mark,Murillo,1976-09-22,***-**-9915,MI
332,Carol Dyer,Carol,Dyer,1989-03-12,***-**-5545,HI
587,Daniel Williams,Daniel,Williams,1989-11-17,***-**-9146,NH
602,Sandra Suarez,Sandra,Suarez,1980-09-20,***-**-9548,GA
398,Sarah Hamilton,Sarah,Hamilton,1976-07-20,***-**-3104,ND
148,Sydney Floyd,Sydney,Floyd,1981-03-31,***-**-0722,CT
223,Jonathan Hall,Jonathan,Hall,1978-07-01,***-**-6672,NE
574,Jennifer Kim,Jennifer,Kim,1976-10-03,***-**-9504,MN
588,Kenneth Sanchez,Kenneth,Sanchez,1980-10-30,***-**-8921,CA
157,Joseph Carroll,Joseph,Carroll,1975-05-09,***-**-5984,ND
175,Jennifer Arnold,Jennifer,Arnold,1976-10-18,***-**-4368,AL
473,David Le,David,Le,1976-08-31,***-**-5444,MI
29,Jeffrey Clark,Jeffrey,Clark,1978-06-28,***-**-0316,MO
334,Jeffery Reed,Jeffery,Reed,1985-07-19,***-**-6338,NJ
465,Laura Kim,Laura,Kim,1974-07-26,***-**-3606,PA
92,Derek Obrien,Derek,Obrien,1990-06-29,***-**-6123,NH
470,Brooke Bishop,Brooke,Bishop,1980-12-18,***-**-4107,CA
128,Peter Miles,Peter,Miles,1976-10-26,***-**-3367,WA
77,Alex Owen,Alex,Owen,1987-10-07,***-**-9252,AL
530,Michael Fowler,Michael,Fowler,1990-08-28,***-**-3995,TN
270,Katherine Rose,Katherine,Rose,1976-01-19,***-**-0446,MN
251,Daniel Waller,Daniel,Waller,1974-04-23,***-**-0011,KY
277,Ronald Johnson,Ronald,Johnson,1973-09-19,***-**-8871,DE
346,Austin Gutierrez,Austin,Gutierrez,1979-06-25,***-**-0203,VT
238,Brandon Chang,Brandon,Chang,1984-05-14,***-**-6687,AL
143,Alexander Murphy,Alexander,Murphy,1984-05-05,***-**-0664,UT
461,Stephanie Mendoza,Stephanie,Mendoza,1977-03-22,***-**-8308,VT
5,Gregory Moore,Gregory,Moore,1982-02-10,***-**-6226,MA
117,Jonathan Mendoza,Jonathan,Mendoza,1989-12-30,***-**-0262,MD
396,Michelle Phillips,Michelle,Phillips,1988-09-17,***-**-2345,OK
517,Justin Morgan,Justin,Morgan,1976-03-17,***-**-5133,MI
228,Michael Hubbard,Michael,Hubbard,1978-09-09,***-**-8972,CT
576,Travis Little,Travis,Little,1992-05-14,***-**-6995,WY
482,Susan Kennedy,Susan,Kennedy,1988-12-19,***-**-4558,ME
611,Emily Mcgrath,Emily,Mcgrath,1973-11-10,***-**-7640,CO
288,Sandra Griffin,Sandra,Griffin,1988-11-13,***-**-6533,NV
322,Jessica Sullivan,Jessica,Sullivan,1990-01-07,***-**-2665,WY
93,Timothy Mendoza,Timothy,Mendoza,1980-06-09,***-**-2367,NM
631,Amanda Pearson,Amanda,Pearson,1979-08-15,***-**-9832,TN
95,Jeffery Burnett,Jeffery,Burnett,1984-07-28,***-**-4493,KS
225,Brian Williams,Brian,Williams,1986-01-12,***-**-5701,MT
386,Randy Dorsey,Randy,Dorsey,1974-05-09,***-**-0360,MO
272,Duane Williams,Duane,Williams,1973-10-14,***-**-8818,NV
614,Colleen Beasley,Colleen,Beasley,1977-08-12,***-**-3286,MA
262,Brian Jackson,Brian,Jackson,1985-12-21,***-**-9597,PA
110,Cynthia Price,Cynthia,Price,1991-10-15,***-**-6184,SD
501,Donald Carter,Donald,Carter,1983-07-16,***-**-5922,HI
65,Lisa Schmitt,Lisa,Schmitt,1976-04-23,***-**-5980,TN
458,Dustin Nichols,Dustin,Nichols,1977-06-07,***-**-9015,NE
224,Jay Brown,Jay,Brown,1980-04-24,***-**-8736,TX
160,Beth Lynch,Beth,Lynch,1984-02-13,***-**-0814,AK
259,Mary Mitchell,Mary,Mitchell,1982-01-20,***-**-3602,TX
547,Joshua Rush,Joshua,Rush,1986-08-05,***-**-2710,GA
358,Jillian David,Jillian,David,1973-04-11,***-**-4462,HI
652,Anthony Delgado,Anthony,Delgado,1994-09-19,***-**-7837,FL
49,Meghan Wilson,Meghan,Wilson,1988-05-18,***-**-4722,HI
437,Andrea Montgomery,Andrea,Montgomery,1991-12-03,***-**-6315,OH
536,Megan Gray,Megan,Gray,1972-10-12,***-**-4006,NY
636,Sarah Brooks,Sarah,Brooks,1991-06-27,***-**-6948,AR
330,Kaylee Clark,Kaylee,Clark,1992-05-29,***-**-0753,WI
538,Joseph Martin,Joseph,Martin,1992-04-13,***-**-5396,AR
168,Donna Rose,Donna,Rose,1989-04-20,***-**-1960,TN
480,Brandi Sawyer,Brandi,Sawyer,1979-07-13,***-**-9334,RI
543,James Torres,James,Torres,1986-01-19,***-**-5026,DE
506,Jonathan Malone,Jonathan,Malone,1984-04-14,***-**-9942,MN
80,Christine Williams,Christine,Williams,1974-08-15,***-**-1974,MN
342,Christopher Young,Christopher,Young,1988-12-02,***-**-1343,NE
364,David Turner,David,Turner,1973-02-13,***-**-7108,IL
64,Gregory Estes,Gregory,Estes,1989-10-04,***-**-9235,KS
156,Shannon Vaughn,Shannon,Vaughn,1992-12-27,***-**-2444,AR
285,James Mclaughlin,James,Mclaughlin,1981-01-21,***-**-1088,NC
79,Michael Brown,Michael,Brown,1986-01-13,***-**-9682,OH
170,Jennifer Crawford,Jennifer,Crawford,1986-07-21,***-**-5861,FL
561,Michelle Carr,Michelle,Carr,1978-06-22,***-**-2759,CT
617,Andrew Love,Andrew,Love,1991-05-27,***-**-9696,OH
515,Anna Bennett,Anna,Bennett,1977-06-20,***-**-6909,TN
644,William Watts,William,Watts,1989-10-12,***-**-6883,MN
450,Cynthia Williams,Cynthia,Williams,1978-12-23,***-**-5994,NY
216,Bruce Miles,Bruce,Miles,1982-01-21,***-**-0969,IA
88,Amanda Wilson,Amanda,Wilson,1972-05-23,***-**-0767,NE
130,Joshua Riley,Joshua,Riley,1983-11-08,***-**-4874,IN
408,Carla Torres,Carla,Torres,1987-02-23,***-**-7599,CT
105,Mark Green,Mark,Green,1977-06-14,***-**-6893,AZ
580,Stephanie Goodwin,Stephanie,Goodwin,1986-02-25,***-**-5702,NC
388,Cameron Allen,Cameron,Allen,1986-01-02,***-**-8341,ID
316,Harold Li,Harold,Li,1983-05-11,***-**-2966,GA
196,Sara Curry,Sara,Curry,1984-06-05,***-**-1678,ID
366,Caroline Wyatt,Caroline,Wyatt,1979-11-12,***-**-7063,NY
331,Nicole Perez,Nicole,Perez,1982-09-28,***-**-1455,MT
63,Jacqueline Garcia,Jacqueline,Garcia,1991-01-31,***-**-8953,NC
651,Alexander Wright,Alexander,Wright,1979-04-18,***-**-7263,MN
497,Heather Farrell,Heather,Farrell,1978-01-11,***-**-0338,MA
14,Joseph Fernandez,Joseph,Fernandez,1978-06-01,***-**-4971,IL
52,Timothy Chandler,Timothy,Chandler,1978-03-26,***-**-3897,NM
456,Gregory Jackson,Gregory,Jackson,1973-06-06,***-**-0058,WY
412,Thomas Patterson,Thomas,Patterson,1977-05-06,***-**-4561,VA
283,Timothy Suarez,Timothy,Suarez,1977-01-12,***-**-3073,WI
174,Jennifer Jensen,Jennifer,Jensen,1991-03-09,***-**-4293,GA
509,Andrew Hogan,Andrew,Hogan,1990-06-08,***-**-5943,ND
254,Dale Hartman,Dale,Hartman,1993-10-01,***-**-9502,ME
531,Jennifer Williams,Jennifer,Williams,1977-02-27,***-**-9054,OK
104,Antonio Perez,Antonio,Perez,1980-02-09,***-**-4115,NC
549,Joshua Hicks,Joshua,Hicks,1985-01-07,***-**-4786,KS
183,Edward Thompson,Edward,Thompson,1994-08-31,***-**-8605,OH
612,Lee Zamora,Lee,Zamora,1979-03-17,***-**-3321,UT
492,Wyatt Rivers,Wyatt,Rivers,1984-02-07,***-**-5135,KY
27,Michelle Reeves,Michelle,Reeves,1972-11-23,***-**-1066,PA
287,Joanna Hopkins,Joanna,Hopkins,1973-04-17,***-**-2714,MA
584,Joseph Mitchell,Joseph,Mitchell,1980-05-18,***-**-7441,VA
624,Ariel Ray,Ariel,Ray,1972-09-11,***-**-2732,OR
53,Shawn Murray,Shawn,Murray,1990-10-30,***-**-5217,MS
206,Jose Spears,Jose,Spears,1976-03-01,***-**-2675,NH
211,Caroline Mayer,Caroline,Mayer,1973-05-03,***-**-2487,WY
646,David Weaver,David,Weaver,1976-08-11,***-**-2750,ME
336,Kelly Sullivan,Kelly,Sullivan,1988-04-12,***-**-7284,NV
555,Kyle Ramirez,Kyle,Ramirez,1984-05-30,***-**-2839,WA
560,Carrie Davis,Carrie,Davis,1984-06-20,***-**-6558,WA
203,Catherine Martinez,Catherine,Martinez,1990-04-28,***-**-6917,NM
217,Amanda Lewis,Amanda,Lewis,1988-12-05,***-**-0504,MT
371,Katherine Bailey,Katherine,Bailey,1994-03-04,***-**-3545,WV
605,Rodney Smith,Rodney,Smith,1975-05-08,***-**-3105,NH
337,Savannah Saunders,Savannah,Saunders,1984-05-12,***-**-2473,IA
381,Claudia Oneal,Claudia,Oneal,1987-04-01,***-**-9008,TX
508,Roy Johnson,Roy,Johnson,1984-03-30,***-**-6344,AK
58,Michelle Smith,Michelle,Smith,1982-07-08,***-**-6834,NV
401,Amanda Haney,Amanda,Haney,1983-04-11,***-**-9019,IA
163,Theresa Fletcher,Theresa,Fletcher,1992-10-22,***-**-0535,VA
548,Debra Green,Debra,Green,1988-07-20,***-**-5376,SC
161,John Cox,John,Cox,1985-12-11,***-**-7739,OH
464,Beth Harris,Beth,Harris,1982-12-22,***-**-5871,RI
476,Erica Mcconnell,Erica,Mcconnell,1981-07-01,***-**-0878,MA
208,Kimberly Johnson,Kimberly,Johnson,1992-01-22,***-**-4304,PA
378,Kyle Aguirre,Kyle,Aguirre,1973-10-24,***-**-4469,NE
654,Nicole English,Nicole,English,1977-04-30,***-**-9164,HI
585,Bonnie Turner,Bonnie,Turner,1973-04-01,***-**-0208,MD
621,Maurice Gillespie,Maurice,Gillespie,1984-09-07,***-**-8509,GA
300,Corey Adams,Corey,Adams,1988-10-08,***-**-2578,OR
640,Brett Nelson,Brett,Nelson,1986-06-20,***-**-3049,MD
297,Melody Nelson,Melody,Nelson,1979-01-23,***-**-1931,VA
209,James Young,James,Young,1980-04-12,***-**-8557,ME
320,Robert Smith,Robert,Smith,1994-04-14,***-**-0748,MS
242,Caroline Larson,Caroline,Larson,1990-05-05,***-**-7178,LA
258,Megan Robinson,Megan,Robinson,1973-03-24,***-**-1601,WV
570,Shawn Edwards,Shawn,Edwards,1978-01-19,***-**-4865,LA
417,David Evans,David,Evans,1977-09-15,***-**-6773,WA
281,Julie Price,Julie,Price,1993-01-20,***-**-3599,PA
436,Briana Webster,Briana,Webster,1978-02-08,***-**-3704,PA
441,Robin Oconnor,Robin,Oconnor,1978-02-27,***-**-0782,NH
425,Albert Davidson,Albert,Davidson,1975-01-20,***-**-9182,CA
553,Mark Chen,Mark,Chen,1989-04-02,***-**-3553,WY
266,Elizabeth Lynn,Elizabeth,Lynn,1992-02-25,***-**-8647,MA
40,Tracy Gonzalez,Tracy,Gonzalez,1983-11-01,***-**-4059,WY
609,Patricia Fletcher,Patricia,Fletcher,1979-06-30,***-**-2311,RI
471,Tammy Salinas,Tammy,Salinas,1980-12-29,***-**-3850,NC
307,Roger Wright,Roger,Wright,1974-03-04,***-**-3080,MO
353,Kelly Castillo,Kelly,Castillo,1992-04-13,***-**-7622,WA
393,Charles Kelley,Charles,Kelley,1993-04-14,***-**-1133,OK
607,David Johnson,David,Johnson,1985-06-23,***-**-9729,DE
483,David Cervantes,David,Cervantes,1983-01-08,***-**-0082,WA
370,Valerie Lopez,Valerie,Lopez,1983-04-10,***-**-0441,AL
273,Sarah Hayes,Sarah,Hayes,1984-11-20,***-**-8195,CT
141,Christina Arnold,Christina,Arnold,1979-10-20,***-**-2313,NY
338,Cynthia Bennett,Cynthia,Bennett,1973-11-26,***-**-7899,MD
15,Michelle Huang,Michelle,Huang,1983-04-09,***-**-8363,UT
120,Amanda Dodson,Amanda,Dodson,1973-03-04,***-**-6056,KS
75,Jeff Hawkins,Jeff,Hawkins,1992-08-10,***-**-5606,IL
115,Patrick Taylor,Patrick,Taylor,1991-07-29,***-**-5595,MO
629,Elizabeth Howard,Elizabeth,Howard,1984-11-05,***-**-2641,AZ
299,Noah White,Noah,White,1977-04-30,***-**-0897,SC
498,Caroline Jackson,Caroline,Jackson,1983-12-29,***-**-4102,DE
445,Andrea Wright,Andrea,Wright,1978-06-15,***-**-8386,OH
582,Sara Smith,Sara,Smith,1983-01-02,***-**-9188,TN
245,Jennifer Rodriguez,Jennifer,Rodriguez,1974-04-23,***-**-2538,NM
129,Deanna Terrell,Deanna,Terrell,1990-02-05,***-**-5743,OK
544,Kristina Summers,Kristina,Summers,1989-02-17,***-**-3058,OR
377,Laura Mercado,Laura,Mercado,1974-04-05,***-**-9514,MI
155,Matthew Kane,Matthew,Kane,1990-11-17,***-**-9385,PA
440,Tamara White,Tamara,White,1980-05-20,***-**-6614,FL
550,Samantha Thompson,Samantha,Thompson,1976-06-04,***-**-9230,NY
47,John Mcmillan,John,Mcmillan,1983-03-02,***-**-7301,NV
89,Andrea Webb,Andrea,Webb,1985-12-11,***-**-7815,VA
145,Lori Odonnell,Lori,Odonnell,1989-10-22,***-**-2415,KS
554,Ronald Huerta,Ronald,Huerta,1973-12-13,***-**-6058,OK
523,Chelsea Foster,Chelsea,Foster,1974-03-26,***-**-4094,AK
499,Daniel Lopez,Daniel,Lopez,1989-09-07,***-**-2639,AR
37,Jonathan Jones,Jonathan,Jones,1977-01-13,***-**-7798,MN
384,Jessica Gaines,Jessica,Gaines,1981-04-23,***-**-9332,CO
514,Timothy Morris,Timothy,Morris,1981-06-16,***-**-2962,WY
260,Donna Campbell,Donna,Campbell,1993-07-14,***-**-2369,NV
239,Tonya Martinez,Tonya,Martinez,1972-09-04,***-**-7702,IA
420,Pamela Moore,Pamela,Moore,1980-02-20,***-**-9532,NJ
380,Michelle Ali,Michelle,Ali,1993-05-05,***-**-3823,KS
387,Alexander Gibson,Alexander,Gibson,1983-10-27,***-**-1036,CO
207,Jay Smith,Jay,Smith,1985-03-06,***-**-6315,CT
318,Teresa Watkins,Teresa,Watkins,1972-07-27,***-**-5707,NY
16,Bradley Guzman,Bradley,Guzman,1980-05-08,***-**-2817,WY
61,Rhonda Young,Rhonda,Young,1979-06-03,***-**-2336,NE
280,Brandon Davis,Brandon,Davis,1977-07-22,***-**-1621,AZ
13,Brandon Farmer,Brandon,Farmer,1980-08-10,***-**-2601,TX
563,Barbara Murphy,Barbara,Murphy,1989-10-30,***-**-9225,AR
569,James King,James,King,1978-04-21,***-**-1432,AK
575,Drew Kelly,Drew,Kelly,1993-03-25,***-**-3264,WA
319,Virginia Wise,Virginia,Wise,1982-02-18,***-**-8887,OR
122,Mary Hernandez,Mary,Hernandez,1990-01-29,***-**-5268,NY
520,Ryan Russell,Ryan,Russell,1975-01-06,***-**-3828,HI
489,Amanda Smith,Amanda,Smith,1989-08-05,***-**-3579,DE
136,Morgan Dunn,Morgan,Dunn,1980-07-13,***-**-1601,AZ
142,Kimberly Shaw,Kimberly,Shaw,1973-06-11,***-**-7577,MA
250,Kathleen Klein,Kathleen,Klein,1990-01-15,***-**-3388,NM
383,Diana Meyers,Diana,Meyers,1972-09-13,***-**-4296,TN
650,Logan Smith,Logan,Smith,1990-03-26,***-**-0194,MN
231,Tracy Martin,Tracy,Martin,1975-05-03,***-**-0726,AK
431,Edwin Martin,Edwin,Martin,1988-02-13,***-**-9168,MO
306,Kelly Moran,Kelly,Moran,1976-07-14,***-**-0670,NV
151,Robert Smith,Robert,Smith,1987-01-12,***-**-2300,ID
519,Jane Martinez,Jane,Martinez,1991-01-30,***-**-3977,AZ
172,Denise Castillo,Denise,Castillo,1983-10-10,***-**-0042,LA
121,Jonathon Brock,Jonathon,Brock,1980-04-30,***-**-9917,CO
140,Amanda Franco,Amanda,Franco,1994-09-24,***-**-5413,AK
48,Heather Robinson,Heather,Robinson,1985-11-20,***-**-1929,MN
282,Kathryn Stout,Kathryn,Stout,1987-08-24,***-**-9637,IA
42,Cory Hopkins,Cory,Hopkins,1977-03-13,***-**-9491,AK
247,Ryan Snyder,Ryan,Snyder,1982-07-14,***-**-9330,MA
59,Sara Walker,Sara,Walker,1985-08-16,***-**-5423,NE
137,Daniel Garcia,Daniel,Garcia,1979-04-21,***-**-3001,WI
257,Paul Evans,Paul,Evans,1977-06-25,***-**-4302,MN
343,Elizabeth Olson,Elizabeth,Olson,1976-01-22,***-**-7163,MA
195,Ann Romero,Ann,Romero,1989-10-27,***-**-4046,DE
268,Thomas Jensen,Thomas,Jensen,1991-02-23,***-**-3430,OH
558,Brian Davila,Brian,Davila,1982-07-05,***-**-3711,DE
70,Donna Howard,Donna,Howard,1990-03-31,***-**-7432,MS
28,Kimberly Massey,Kimberly,Massey,1981-01-01,***-**-4649,MO
132,Jeremy Cross,Jeremy,Cross,1987-11-22,***-**-4632,HI
335,Dennis Thomas,Dennis,Thomas,1989-06-11,***-**-5032,IN
349,Kenneth Martin,Kenneth,Martin,1989-08-24,***-**-4681,MI
510,Tyler Brewer,Tyler,Brewer,1972-06-28,***-**-9006,HI
36,Scott Brooks,Scott,Brooks,1972-02-24,***-**-4958,NY
430,Derrick Fritz,Derrick,Fritz,1982-12-05,***-**-0071,IA
376,Christine Munoz,Christine,Munoz,1974-11-17,***-**-0149,MO
226,Julie Robbins,Julie,Robbins,1976-11-23,***-**-4571,IN
240,Rachel Cook,Rachel,Cook,1982-03-03,***-**-9042,NM
291,Kyle Hoffman,Kyle,Hoffman,1984-12-25,***-**-7692,MT
619,Nancy Nguyen,Nancy,Nguyen,1976-07-05,***-**-3939,VA
424,John Wells,John,Wells,1993-05-25,***-**-3026,NH
212,Robert Ellison,Robert,Ellison,1979-07-16,***-**-9579,NE
263,Keith Robinson,Keith,Robinson,1978-04-15,***-**-3579,NC
443,Dennis Osborn,Dennis,Osborn,1973-11-15,***-**-3531,MA
26,Ronald Hays,Ronald,Hays,1993-12-21,***-**-6430,TX
491,Leslie Brown,Leslie,Brown,1973-06-15,***-**-1806,NJ
114,Maria Chapman,Maria,Chapman,1973-12-20,***-**-7300,OK
434,Melissa Torres,Melissa,Torres,1981-03-22,***-**-6921,NM
615,Joshua Weaver,Joshua,Weaver,1982-11-20,***-**-7030,IA
525,Crystal Martin,Crystal,Martin,1993-08-29,***-**-0679,ME
44,Sheri Ball,Sheri,Ball,1991-08-04,***-**-7548,AZ
475,Steven Ritter,Steven,Ritter,1986-02-11,***-**-8004,OH
529,Linda Krause,Linda,Krause,1978-12-22,***-**-4382,SD
83,John Myers,John,Myers,1989-07-25,***-**-1869,NJ
275,Mark White,Mark,White,1992-09-09,***-**-7830,ID
190,Diana Smith,Diana,Smith,1973-12-02,***-**-3506,IL
423,Karen Lyons,Karen,Lyons,1990-06-09,***-**-9081,OK
581,Laura Glenn,Laura,Glenn,1992-10-20,***-**-1468,TX
177,Diana Spence,Diana,Spence,1983-09-20,***-**-4751,MA
573,Samantha Farley,Samantha,Farley,1977-07-10,***-**-2351,WA
46,Kayla Mitchell,Kayla,Mitchell,1975-10-13,***-**-9155,WI
17,Crystal Myers,Crystal,Myers,1980-12-31,***-**-6532,OH
101,Brooke Jones,Brooke,Jones,1979-04-09,***-**-2606,TN
261,John Mueller,John,Mueller,1987-03-22,***-**-7849,MD
435,Karla Rosales,Karla,Rosales,1983-07-10,***-**-1729,IL
448,Jennifer Brown,Jennifer,Brown,1977-08-23,***-**-0700,MA
597,Blake Jimenez,Blake,Jimenez,1977-09-10,***-**-3810,KS
628,Michael Garcia,Michael,Garcia,1980-11-05,***-**-4294,IL
610,Jermaine Quinn,Jermaine,Quinn,1989-12-24,***-**-1754,CA
113,Patricia Cruz,Patricia,Cruz,1976-04-22,***-**-3822,IN
235,Cameron Mcintosh,Cameron,Mcintosh,1975-02-01,***-**-8921,NV
21,Michelle Brewer,Michelle,Brewer,1988-06-10,***-**-6836,OK
362,Hannah Nolan,Hannah,Nolan,1978-09-15,***-**-1332,OK
368,Erica Johnson,Erica,Johnson,1978-05-27,***-**-9413,LA
323,Jeremy Obrien,Jeremy,Obrien,1982-01-13,***-**-7592,OR
